run_name,config,backbone,freeze_backbone,pretrained,train_fraction,condition,adapter,probe_comparable,arm
ls_ctfm_frz_pt_f001,configs/lowshot/ls_ctfm_frz_pt_f001.yaml,ctfm,True,True,0.01,frz_pt,native,True,N
ls_ctfm_frz_pt_f005,configs/lowshot/ls_ctfm_frz_pt_f005.yaml,ctfm,True,True,0.05,frz_pt,native,True,N
ls_ctfm_frz_pt_f010,configs/lowshot/ls_ctfm_frz_pt_f010.yaml,ctfm,True,True,0.1,frz_pt,native,True,N
ls_ctfm_frz_pt_f025,configs/lowshot/ls_ctfm_frz_pt_f025.yaml,ctfm,True,True,0.25,frz_pt,native,True,N
ls_ctfm_frz_pt_f100,configs/lowshot/ls_ctfm_frz_pt_f100.yaml,ctfm,True,True,1.0,frz_pt,native,True,N
ls_ctfm_frz_sc_f001,configs/lowshot/ls_ctfm_frz_sc_f001.yaml,ctfm,True,False,0.01,frz_sc,native,True,N
ls_ctfm_frz_sc_f005,configs/lowshot/ls_ctfm_frz_sc_f005.yaml,ctfm,True,False,0.05,frz_sc,native,True,N
ls_ctfm_frz_sc_f010,configs/lowshot/ls_ctfm_frz_sc_f010.yaml,ctfm,True,False,0.1,frz_sc,native,True,N
ls_ctfm_frz_sc_f025,configs/lowshot/ls_ctfm_frz_sc_f025.yaml,ctfm,True,False,0.25,frz_sc,native,True,N
ls_ctfm_frz_sc_f100,configs/lowshot/ls_ctfm_frz_sc_f100.yaml,ctfm,True,False,1.0,frz_sc,native,True,N
ls_ctfm_ft_pt_f001,configs/lowshot/ls_ctfm_ft_pt_f001.yaml,ctfm,False,True,0.01,ft_pt,native,True,N
ls_ctfm_ft_pt_f005,configs/lowshot/ls_ctfm_ft_pt_f005.yaml,ctfm,False,True,0.05,ft_pt,native,True,N
ls_ctfm_ft_pt_f010,configs/lowshot/ls_ctfm_ft_pt_f010.yaml,ctfm,False,True,0.1,ft_pt,native,True,N
ls_ctfm_ft_pt_f025,configs/lowshot/ls_ctfm_ft_pt_f025.yaml,ctfm,False,True,0.25,ft_pt,native,True,N
ls_ctfm_ft_pt_f100,configs/lowshot/ls_ctfm_ft_pt_f100.yaml,ctfm,False,True,1.0,ft_pt,native,True,N
ls_ctfm_ft_sc_f001,configs/lowshot/ls_ctfm_ft_sc_f001.yaml,ctfm,False,False,0.01,ft_sc,native,True,N
ls_ctfm_ft_sc_f005,configs/lowshot/ls_ctfm_ft_sc_f005.yaml,ctfm,False,False,0.05,ft_sc,native,True,N
ls_ctfm_ft_sc_f010,configs/lowshot/ls_ctfm_ft_sc_f010.yaml,ctfm,False,False,0.1,ft_sc,native,True,N
ls_ctfm_ft_sc_f025,configs/lowshot/ls_ctfm_ft_sc_f025.yaml,ctfm,False,False,0.25,ft_sc,native,True,N
ls_ctfm_ft_sc_f100,configs/lowshot/ls_ctfm_ft_sc_f100.yaml,ctfm,False,False,1.0,ft_sc,native,True,N
ls_vista3d_frz_pt_f001,configs/lowshot/ls_vista3d_frz_pt_f001.yaml,vista3d,True,True,0.01,frz_pt,native,True,N
ls_vista3d_frz_pt_f005,configs/lowshot/ls_vista3d_frz_pt_f005.yaml,vista3d,True,True,0.05,frz_pt,native,True,N
ls_vista3d_frz_pt_f010,configs/lowshot/ls_vista3d_frz_pt_f010.yaml,vista3d,True,True,0.1,frz_pt,native,True,N
ls_vista3d_frz_pt_f025,configs/lowshot/ls_vista3d_frz_pt_f025.yaml,vista3d,True,True,0.25,frz_pt,native,True,N
ls_vista3d_frz_pt_f100,configs/lowshot/ls_vista3d_frz_pt_f100.yaml,vista3d,True,True,1.0,frz_pt,native,True,N
ls_vista3d_frz_sc_f001,configs/lowshot/ls_vista3d_frz_sc_f001.yaml,vista3d,True,False,0.01,frz_sc,native,True,N
ls_vista3d_frz_sc_f005,configs/lowshot/ls_vista3d_frz_sc_f005.yaml,vista3d,True,False,0.05,frz_sc,native,True,N
ls_vista3d_frz_sc_f010,configs/lowshot/ls_vista3d_frz_sc_f010.yaml,vista3d,True,False,0.1,frz_sc,native,True,N
ls_vista3d_frz_sc_f025,configs/lowshot/ls_vista3d_frz_sc_f025.yaml,vista3d,True,False,0.25,frz_sc,native,True,N
ls_vista3d_frz_sc_f100,configs/lowshot/ls_vista3d_frz_sc_f100.yaml,vista3d,True,False,1.0,frz_sc,native,True,N
ls_vista3d_ft_pt_f001,configs/lowshot/ls_vista3d_ft_pt_f001.yaml,vista3d,False,True,0.01,ft_pt,native,True,N
ls_vista3d_ft_pt_f005,configs/lowshot/ls_vista3d_ft_pt_f005.yaml,vista3d,False,True,0.05,ft_pt,native,True,N
ls_vista3d_ft_pt_f010,configs/lowshot/ls_vista3d_ft_pt_f010.yaml,vista3d,False,True,0.1,ft_pt,native,True,N
ls_vista3d_ft_pt_f025,configs/lowshot/ls_vista3d_ft_pt_f025.yaml,vista3d,False,True,0.25,ft_pt,native,True,N
ls_vista3d_ft_pt_f100,configs/lowshot/ls_vista3d_ft_pt_f100.yaml,vista3d,False,True,1.0,ft_pt,native,True,N
ls_vista3d_ft_sc_f001,configs/lowshot/ls_vista3d_ft_sc_f001.yaml,vista3d,False,False,0.01,ft_sc,native,True,N
ls_vista3d_ft_sc_f005,configs/lowshot/ls_vista3d_ft_sc_f005.yaml,vista3d,False,False,0.05,ft_sc,native,True,N
ls_vista3d_ft_sc_f010,configs/lowshot/ls_vista3d_ft_sc_f010.yaml,vista3d,False,False,0.1,ft_sc,native,True,N
ls_vista3d_ft_sc_f025,configs/lowshot/ls_vista3d_ft_sc_f025.yaml,vista3d,False,False,0.25,ft_sc,native,True,N
ls_vista3d_ft_sc_f100,configs/lowshot/ls_vista3d_ft_sc_f100.yaml,vista3d,False,False,1.0,ft_sc,native,True,N
ls_biomedparse_frz_pt_f001,configs/lowshot/ls_biomedparse_frz_pt_f001.yaml,biomedparse,True,True,0.01,frz_pt,native,True,N
ls_biomedparse_frz_pt_f005,configs/lowshot/ls_biomedparse_frz_pt_f005.yaml,biomedparse,True,True,0.05,frz_pt,native,True,N
ls_biomedparse_frz_pt_f010,configs/lowshot/ls_biomedparse_frz_pt_f010.yaml,biomedparse,True,True,0.1,frz_pt,native,True,N
ls_biomedparse_frz_pt_f025,configs/lowshot/ls_biomedparse_frz_pt_f025.yaml,biomedparse,True,True,0.25,frz_pt,native,True,N
ls_biomedparse_frz_pt_f100,configs/lowshot/ls_biomedparse_frz_pt_f100.yaml,biomedparse,True,True,1.0,frz_pt,native,True,N
ls_biomedparse_frz_sc_f001,configs/lowshot/ls_biomedparse_frz_sc_f001.yaml,biomedparse,True,False,0.01,frz_sc,native,True,N
ls_biomedparse_frz_sc_f005,configs/lowshot/ls_biomedparse_frz_sc_f005.yaml,biomedparse,True,False,0.05,frz_sc,native,True,N
ls_biomedparse_frz_sc_f010,configs/lowshot/ls_biomedparse_frz_sc_f010.yaml,biomedparse,True,False,0.1,frz_sc,native,True,N
ls_biomedparse_frz_sc_f025,configs/lowshot/ls_biomedparse_frz_sc_f025.yaml,biomedparse,True,False,0.25,frz_sc,native,True,N
ls_biomedparse_frz_sc_f100,configs/lowshot/ls_biomedparse_frz_sc_f100.yaml,biomedparse,True,False,1.0,frz_sc,native,True,N
ls_biomedparse_ft_pt_f001,configs/lowshot/ls_biomedparse_ft_pt_f001.yaml,biomedparse,False,True,0.01,ft_pt,native,True,N
ls_biomedparse_ft_pt_f005,configs/lowshot/ls_biomedparse_ft_pt_f005.yaml,biomedparse,False,True,0.05,ft_pt,native,True,N
ls_biomedparse_ft_pt_f010,configs/lowshot/ls_biomedparse_ft_pt_f010.yaml,biomedparse,False,True,0.1,ft_pt,native,True,N
ls_biomedparse_ft_pt_f025,configs/lowshot/ls_biomedparse_ft_pt_f025.yaml,biomedparse,False,True,0.25,ft_pt,native,True,N
ls_biomedparse_ft_pt_f100,configs/lowshot/ls_biomedparse_ft_pt_f100.yaml,biomedparse,False,True,1.0,ft_pt,native,True,N
ls_biomedparse_ft_sc_f001,configs/lowshot/ls_biomedparse_ft_sc_f001.yaml,biomedparse,False,False,0.01,ft_sc,native,True,N
ls_biomedparse_ft_sc_f005,configs/lowshot/ls_biomedparse_ft_sc_f005.yaml,biomedparse,False,False,0.05,ft_sc,native,True,N
ls_biomedparse_ft_sc_f010,configs/lowshot/ls_biomedparse_ft_sc_f010.yaml,biomedparse,False,False,0.1,ft_sc,native,True,N
ls_biomedparse_ft_sc_f025,configs/lowshot/ls_biomedparse_ft_sc_f025.yaml,biomedparse,False,False,0.25,ft_sc,native,True,N
ls_biomedparse_ft_sc_f100,configs/lowshot/ls_biomedparse_ft_sc_f100.yaml,biomedparse,False,False,1.0,ft_sc,native,True,N
ls_supUnet_frz_pt_f001,configs/lowshot/ls_supUnet_frz_pt_f001.yaml,suprem_unet,True,True,0.01,frz_pt,native,True,N
ls_supUnet_frz_pt_f005,configs/lowshot/ls_supUnet_frz_pt_f005.yaml,suprem_unet,True,True,0.05,frz_pt,native,True,N
ls_supUnet_frz_pt_f010,configs/lowshot/ls_supUnet_frz_pt_f010.yaml,suprem_unet,True,True,0.1,frz_pt,native,True,N
ls_supUnet_frz_pt_f025,configs/lowshot/ls_supUnet_frz_pt_f025.yaml,suprem_unet,True,True,0.25,frz_pt,native,True,N
ls_supUnet_frz_pt_f100,configs/lowshot/ls_supUnet_frz_pt_f100.yaml,suprem_unet,True,True,1.0,frz_pt,native,True,N
ls_supUnet_frz_sc_f001,configs/lowshot/ls_supUnet_frz_sc_f001.yaml,suprem_unet,True,False,0.01,frz_sc,native,True,N
ls_supUnet_frz_sc_f005,configs/lowshot/ls_supUnet_frz_sc_f005.yaml,suprem_unet,True,False,0.05,frz_sc,native,True,N
ls_supUnet_frz_sc_f010,configs/lowshot/ls_supUnet_frz_sc_f010.yaml,suprem_unet,True,False,0.1,frz_sc,native,True,N
ls_supUnet_frz_sc_f025,configs/lowshot/ls_supUnet_frz_sc_f025.yaml,suprem_unet,True,False,0.25,frz_sc,native,True,N
ls_supUnet_frz_sc_f100,configs/lowshot/ls_supUnet_frz_sc_f100.yaml,suprem_unet,True,False,1.0,frz_sc,native,True,N
ls_supUnet_ft_pt_f001,configs/lowshot/ls_supUnet_ft_pt_f001.yaml,suprem_unet,False,True,0.01,ft_pt,native,True,N
ls_supUnet_ft_pt_f005,configs/lowshot/ls_supUnet_ft_pt_f005.yaml,suprem_unet,False,True,0.05,ft_pt,native,True,N
ls_supUnet_ft_pt_f010,configs/lowshot/ls_supUnet_ft_pt_f010.yaml,suprem_unet,False,True,0.1,ft_pt,native,True,N
ls_supUnet_ft_pt_f025,configs/lowshot/ls_supUnet_ft_pt_f025.yaml,suprem_unet,False,True,0.25,ft_pt,native,True,N
ls_supUnet_ft_pt_f100,configs/lowshot/ls_supUnet_ft_pt_f100.yaml,suprem_unet,False,True,1.0,ft_pt,native,True,N
ls_supUnet_ft_sc_f001,configs/lowshot/ls_supUnet_ft_sc_f001.yaml,suprem_unet,False,False,0.01,ft_sc,native,True,N
ls_supUnet_ft_sc_f005,configs/lowshot/ls_supUnet_ft_sc_f005.yaml,suprem_unet,False,False,0.05,ft_sc,native,True,N
ls_supUnet_ft_sc_f010,configs/lowshot/ls_supUnet_ft_sc_f010.yaml,suprem_unet,False,False,0.1,ft_sc,native,True,N
ls_supUnet_ft_sc_f025,configs/lowshot/ls_supUnet_ft_sc_f025.yaml,suprem_unet,False,False,0.25,ft_sc,native,True,N
ls_supUnet_ft_sc_f100,configs/lowshot/ls_supUnet_ft_sc_f100.yaml,suprem_unet,False,False,1.0,ft_sc,native,True,N
ls_supSegres_frz_pt_f001,configs/lowshot/ls_supSegres_frz_pt_f001.yaml,suprem_segresnet,True,True,0.01,frz_pt,native,True,N
ls_supSegres_frz_pt_f005,configs/lowshot/ls_supSegres_frz_pt_f005.yaml,suprem_segresnet,True,True,0.05,frz_pt,native,True,N
ls_supSegres_frz_pt_f010,configs/lowshot/ls_supSegres_frz_pt_f010.yaml,suprem_segresnet,True,True,0.1,frz_pt,native,True,N
ls_supSegres_frz_pt_f025,configs/lowshot/ls_supSegres_frz_pt_f025.yaml,suprem_segresnet,True,True,0.25,frz_pt,native,True,N
ls_supSegres_frz_pt_f100,configs/lowshot/ls_supSegres_frz_pt_f100.yaml,suprem_segresnet,True,True,1.0,frz_pt,native,True,N
ls_supSegres_frz_sc_f001,configs/lowshot/ls_supSegres_frz_sc_f001.yaml,suprem_segresnet,True,False,0.01,frz_sc,native,True,N
ls_supSegres_frz_sc_f005,configs/lowshot/ls_supSegres_frz_sc_f005.yaml,suprem_segresnet,True,False,0.05,frz_sc,native,True,N
ls_supSegres_frz_sc_f010,configs/lowshot/ls_supSegres_frz_sc_f010.yaml,suprem_segresnet,True,False,0.1,frz_sc,native,True,N
ls_supSegres_frz_sc_f025,configs/lowshot/ls_supSegres_frz_sc_f025.yaml,suprem_segresnet,True,False,0.25,frz_sc,native,True,N
ls_supSegres_frz_sc_f100,configs/lowshot/ls_supSegres_frz_sc_f100.yaml,suprem_segresnet,True,False,1.0,frz_sc,native,True,N
ls_supSegres_ft_pt_f001,configs/lowshot/ls_supSegres_ft_pt_f001.yaml,suprem_segresnet,False,True,0.01,ft_pt,native,True,N
ls_supSegres_ft_pt_f005,configs/lowshot/ls_supSegres_ft_pt_f005.yaml,suprem_segresnet,False,True,0.05,ft_pt,native,True,N
ls_supSegres_ft_pt_f010,configs/lowshot/ls_supSegres_ft_pt_f010.yaml,suprem_segresnet,False,True,0.1,ft_pt,native,True,N
ls_supSegres_ft_pt_f025,configs/lowshot/ls_supSegres_ft_pt_f025.yaml,suprem_segresnet,False,True,0.25,ft_pt,native,True,N
ls_supSegres_ft_pt_f100,configs/lowshot/ls_supSegres_ft_pt_f100.yaml,suprem_segresnet,False,True,1.0,ft_pt,native,True,N
ls_supSegres_ft_sc_f001,configs/lowshot/ls_supSegres_ft_sc_f001.yaml,suprem_segresnet,False,False,0.01,ft_sc,native,True,N
ls_supSegres_ft_sc_f005,configs/lowshot/ls_supSegres_ft_sc_f005.yaml,suprem_segresnet,False,False,0.05,ft_sc,native,True,N
ls_supSegres_ft_sc_f010,configs/lowshot/ls_supSegres_ft_sc_f010.yaml,suprem_segresnet,False,False,0.1,ft_sc,native,True,N
ls_supSegres_ft_sc_f025,configs/lowshot/ls_supSegres_ft_sc_f025.yaml,suprem_segresnet,False,False,0.25,ft_sc,native,True,N
ls_supSegres_ft_sc_f100,configs/lowshot/ls_supSegres_ft_sc_f100.yaml,suprem_segresnet,False,False,1.0,ft_sc,native,True,N
ls_supSwin_frz_pt_f001,configs/lowshot/ls_supSwin_frz_pt_f001.yaml,suprem_swinunetr,True,True,0.01,frz_pt,native,True,N
ls_supSwin_frz_pt_f005,configs/lowshot/ls_supSwin_frz_pt_f005.yaml,suprem_swinunetr,True,True,0.05,frz_pt,native,True,N
ls_supSwin_frz_pt_f010,configs/lowshot/ls_supSwin_frz_pt_f010.yaml,suprem_swinunetr,True,True,0.1,frz_pt,native,True,N
ls_supSwin_frz_pt_f025,configs/lowshot/ls_supSwin_frz_pt_f025.yaml,suprem_swinunetr,True,True,0.25,frz_pt,native,True,N
ls_supSwin_frz_pt_f100,configs/lowshot/ls_supSwin_frz_pt_f100.yaml,suprem_swinunetr,True,True,1.0,frz_pt,native,True,N
ls_supSwin_frz_sc_f001,configs/lowshot/ls_supSwin_frz_sc_f001.yaml,suprem_swinunetr,True,False,0.01,frz_sc,native,True,N
ls_supSwin_frz_sc_f005,configs/lowshot/ls_supSwin_frz_sc_f005.yaml,suprem_swinunetr,True,False,0.05,frz_sc,native,True,N
ls_supSwin_frz_sc_f010,configs/lowshot/ls_supSwin_frz_sc_f010.yaml,suprem_swinunetr,True,False,0.1,frz_sc,native,True,N
ls_supSwin_frz_sc_f025,configs/lowshot/ls_supSwin_frz_sc_f025.yaml,suprem_swinunetr,True,False,0.25,frz_sc,native,True,N
ls_supSwin_frz_sc_f100,configs/lowshot/ls_supSwin_frz_sc_f100.yaml,suprem_swinunetr,True,False,1.0,frz_sc,native,True,N
ls_supSwin_ft_pt_f001,configs/lowshot/ls_supSwin_ft_pt_f001.yaml,suprem_swinunetr,False,True,0.01,ft_pt,native,True,N
ls_supSwin_ft_pt_f005,configs/lowshot/ls_supSwin_ft_pt_f005.yaml,suprem_swinunetr,False,True,0.05,ft_pt,native,True,N
ls_supSwin_ft_pt_f010,configs/lowshot/ls_supSwin_ft_pt_f010.yaml,suprem_swinunetr,False,True,0.1,ft_pt,native,True,N
ls_supSwin_ft_pt_f025,configs/lowshot/ls_supSwin_ft_pt_f025.yaml,suprem_swinunetr,False,True,0.25,ft_pt,native,True,N
ls_supSwin_ft_pt_f100,configs/lowshot/ls_supSwin_ft_pt_f100.yaml,suprem_swinunetr,False,True,1.0,ft_pt,native,True,N
ls_supSwin_ft_sc_f001,configs/lowshot/ls_supSwin_ft_sc_f001.yaml,suprem_swinunetr,False,False,0.01,ft_sc,native,True,N
ls_supSwin_ft_sc_f005,configs/lowshot/ls_supSwin_ft_sc_f005.yaml,suprem_swinunetr,False,False,0.05,ft_sc,native,True,N
ls_supSwin_ft_sc_f010,configs/lowshot/ls_supSwin_ft_sc_f010.yaml,suprem_swinunetr,False,False,0.1,ft_sc,native,True,N
ls_supSwin_ft_sc_f025,configs/lowshot/ls_supSwin_ft_sc_f025.yaml,suprem_swinunetr,False,False,0.25,ft_sc,native,True,N
ls_supSwin_ft_sc_f100,configs/lowshot/ls_supSwin_ft_sc_f100.yaml,suprem_swinunetr,False,False,1.0,ft_sc,native,True,N
ls_vocoB_frz_pt_f001,configs/lowshot/ls_vocoB_frz_pt_f001.yaml,voco_b,True,True,0.01,frz_pt,native,True,N
ls_vocoB_frz_pt_f005,configs/lowshot/ls_vocoB_frz_pt_f005.yaml,voco_b,True,True,0.05,frz_pt,native,True,N
ls_vocoB_frz_pt_f010,configs/lowshot/ls_vocoB_frz_pt_f010.yaml,voco_b,True,True,0.1,frz_pt,native,True,N
ls_vocoB_frz_pt_f025,configs/lowshot/ls_vocoB_frz_pt_f025.yaml,voco_b,True,True,0.25,frz_pt,native,True,N
ls_vocoB_frz_pt_f100,configs/lowshot/ls_vocoB_frz_pt_f100.yaml,voco_b,True,True,1.0,frz_pt,native,True,N
ls_vocoB_frz_sc_f001,configs/lowshot/ls_vocoB_frz_sc_f001.yaml,voco_b,True,False,0.01,frz_sc,native,True,N
ls_vocoB_frz_sc_f005,configs/lowshot/ls_vocoB_frz_sc_f005.yaml,voco_b,True,False,0.05,frz_sc,native,True,N
ls_vocoB_frz_sc_f010,configs/lowshot/ls_vocoB_frz_sc_f010.yaml,voco_b,True,False,0.1,frz_sc,native,True,N
ls_vocoB_frz_sc_f025,configs/lowshot/ls_vocoB_frz_sc_f025.yaml,voco_b,True,False,0.25,frz_sc,native,True,N
ls_vocoB_frz_sc_f100,configs/lowshot/ls_vocoB_frz_sc_f100.yaml,voco_b,True,False,1.0,frz_sc,native,True,N
ls_vocoB_ft_pt_f001,configs/lowshot/ls_vocoB_ft_pt_f001.yaml,voco_b,False,True,0.01,ft_pt,native,True,N
ls_vocoB_ft_pt_f005,configs/lowshot/ls_vocoB_ft_pt_f005.yaml,voco_b,False,True,0.05,ft_pt,native,True,N
ls_vocoB_ft_pt_f010,configs/lowshot/ls_vocoB_ft_pt_f010.yaml,voco_b,False,True,0.1,ft_pt,native,True,N
ls_vocoB_ft_pt_f025,configs/lowshot/ls_vocoB_ft_pt_f025.yaml,voco_b,False,True,0.25,ft_pt,native,True,N
ls_vocoB_ft_pt_f100,configs/lowshot/ls_vocoB_ft_pt_f100.yaml,voco_b,False,True,1.0,ft_pt,native,True,N
ls_vocoB_ft_sc_f001,configs/lowshot/ls_vocoB_ft_sc_f001.yaml,voco_b,False,False,0.01,ft_sc,native,True,N
ls_vocoB_ft_sc_f005,configs/lowshot/ls_vocoB_ft_sc_f005.yaml,voco_b,False,False,0.05,ft_sc,native,True,N
ls_vocoB_ft_sc_f010,configs/lowshot/ls_vocoB_ft_sc_f010.yaml,voco_b,False,False,0.1,ft_sc,native,True,N
ls_vocoB_ft_sc_f025,configs/lowshot/ls_vocoB_ft_sc_f025.yaml,voco_b,False,False,0.25,ft_sc,native,True,N
ls_vocoB_ft_sc_f100,configs/lowshot/ls_vocoB_ft_sc_f100.yaml,voco_b,False,False,1.0,ft_sc,native,True,N
ls_vocoH_frz_pt_f001,configs/lowshot/ls_vocoH_frz_pt_f001.yaml,voco_h,True,True,0.01,frz_pt,native,True,N
ls_vocoH_frz_pt_f005,configs/lowshot/ls_vocoH_frz_pt_f005.yaml,voco_h,True,True,0.05,frz_pt,native,True,N
ls_vocoH_frz_pt_f010,configs/lowshot/ls_vocoH_frz_pt_f010.yaml,voco_h,True,True,0.1,frz_pt,native,True,N
ls_vocoH_frz_pt_f025,configs/lowshot/ls_vocoH_frz_pt_f025.yaml,voco_h,True,True,0.25,frz_pt,native,True,N
ls_vocoH_frz_pt_f100,configs/lowshot/ls_vocoH_frz_pt_f100.yaml,voco_h,True,True,1.0,frz_pt,native,True,N
ls_vocoH_frz_sc_f001,configs/lowshot/ls_vocoH_frz_sc_f001.yaml,voco_h,True,False,0.01,frz_sc,native,True,N
ls_vocoH_frz_sc_f005,configs/lowshot/ls_vocoH_frz_sc_f005.yaml,voco_h,True,False,0.05,frz_sc,native,True,N
ls_vocoH_frz_sc_f010,configs/lowshot/ls_vocoH_frz_sc_f010.yaml,voco_h,True,False,0.1,frz_sc,native,True,N
ls_vocoH_frz_sc_f025,configs/lowshot/ls_vocoH_frz_sc_f025.yaml,voco_h,True,False,0.25,frz_sc,native,True,N
ls_vocoH_frz_sc_f100,configs/lowshot/ls_vocoH_frz_sc_f100.yaml,voco_h,True,False,1.0,frz_sc,native,True,N
ls_vocoH_ft_pt_f001,configs/lowshot/ls_vocoH_ft_pt_f001.yaml,voco_h,False,True,0.01,ft_pt,native,True,N
ls_vocoH_ft_pt_f005,configs/lowshot/ls_vocoH_ft_pt_f005.yaml,voco_h,False,True,0.05,ft_pt,native,True,N
ls_vocoH_ft_pt_f010,configs/lowshot/ls_vocoH_ft_pt_f010.yaml,voco_h,False,True,0.1,ft_pt,native,True,N
ls_vocoH_ft_pt_f025,configs/lowshot/ls_vocoH_ft_pt_f025.yaml,voco_h,False,True,0.25,ft_pt,native,True,N
ls_vocoH_ft_pt_f100,configs/lowshot/ls_vocoH_ft_pt_f100.yaml,voco_h,False,True,1.0,ft_pt,native,True,N
ls_vocoH_ft_sc_f001,configs/lowshot/ls_vocoH_ft_sc_f001.yaml,voco_h,False,False,0.01,ft_sc,native,True,N
ls_vocoH_ft_sc_f005,configs/lowshot/ls_vocoH_ft_sc_f005.yaml,voco_h,False,False,0.05,ft_sc,native,True,N
ls_vocoH_ft_sc_f010,configs/lowshot/ls_vocoH_ft_sc_f010.yaml,voco_h,False,False,0.1,ft_sc,native,True,N
ls_vocoH_ft_sc_f025,configs/lowshot/ls_vocoH_ft_sc_f025.yaml,voco_h,False,False,0.25,ft_sc,native,True,N
ls_vocoH_ft_sc_f100,configs/lowshot/ls_vocoH_ft_sc_f100.yaml,voco_h,False,False,1.0,ft_sc,native,True,N
ls_ctclip_frz_pt_f001,configs/lowshot/ls_ctclip_frz_pt_f001.yaml,ctclip,True,True,0.01,frz_pt,upsample,True,N
ls_ctclip_frz_pt_f005,configs/lowshot/ls_ctclip_frz_pt_f005.yaml,ctclip,True,True,0.05,frz_pt,upsample,True,N
ls_ctclip_frz_pt_f010,configs/lowshot/ls_ctclip_frz_pt_f010.yaml,ctclip,True,True,0.1,frz_pt,upsample,True,N
ls_ctclip_frz_pt_f025,configs/lowshot/ls_ctclip_frz_pt_f025.yaml,ctclip,True,True,0.25,frz_pt,upsample,True,N
ls_ctclip_frz_pt_f100,configs/lowshot/ls_ctclip_frz_pt_f100.yaml,ctclip,True,True,1.0,frz_pt,upsample,True,N
ls_ctclip_frz_sc_f001,configs/lowshot/ls_ctclip_frz_sc_f001.yaml,ctclip,True,False,0.01,frz_sc,upsample,True,N
ls_ctclip_frz_sc_f005,configs/lowshot/ls_ctclip_frz_sc_f005.yaml,ctclip,True,False,0.05,frz_sc,upsample,True,N
ls_ctclip_frz_sc_f010,configs/lowshot/ls_ctclip_frz_sc_f010.yaml,ctclip,True,False,0.1,frz_sc,upsample,True,N
ls_ctclip_frz_sc_f025,configs/lowshot/ls_ctclip_frz_sc_f025.yaml,ctclip,True,False,0.25,frz_sc,upsample,True,N
ls_ctclip_frz_sc_f100,configs/lowshot/ls_ctclip_frz_sc_f100.yaml,ctclip,True,False,1.0,frz_sc,upsample,True,N
ls_ctclip_ft_pt_f001,configs/lowshot/ls_ctclip_ft_pt_f001.yaml,ctclip,False,True,0.01,ft_pt,upsample,True,N
ls_ctclip_ft_pt_f005,configs/lowshot/ls_ctclip_ft_pt_f005.yaml,ctclip,False,True,0.05,ft_pt,upsample,True,N
ls_ctclip_ft_pt_f010,configs/lowshot/ls_ctclip_ft_pt_f010.yaml,ctclip,False,True,0.1,ft_pt,upsample,True,N
ls_ctclip_ft_pt_f025,configs/lowshot/ls_ctclip_ft_pt_f025.yaml,ctclip,False,True,0.25,ft_pt,upsample,True,N
ls_ctclip_ft_pt_f100,configs/lowshot/ls_ctclip_ft_pt_f100.yaml,ctclip,False,True,1.0,ft_pt,upsample,True,N
ls_ctclip_ft_sc_f001,configs/lowshot/ls_ctclip_ft_sc_f001.yaml,ctclip,False,False,0.01,ft_sc,upsample,True,N
ls_ctclip_ft_sc_f005,configs/lowshot/ls_ctclip_ft_sc_f005.yaml,ctclip,False,False,0.05,ft_sc,upsample,True,N
ls_ctclip_ft_sc_f010,configs/lowshot/ls_ctclip_ft_sc_f010.yaml,ctclip,False,False,0.1,ft_sc,upsample,True,N
ls_ctclip_ft_sc_f025,configs/lowshot/ls_ctclip_ft_sc_f025.yaml,ctclip,False,False,0.25,ft_sc,upsample,True,N
ls_ctclip_ft_sc_f100,configs/lowshot/ls_ctclip_ft_sc_f100.yaml,ctclip,False,False,1.0,ft_sc,upsample,True,N
ls_samMed3d_frz_pt_f001,configs/lowshot/ls_samMed3d_frz_pt_f001.yaml,sam_med3d,True,True,0.01,frz_pt,upsample,True,N
ls_samMed3d_frz_pt_f005,configs/lowshot/ls_samMed3d_frz_pt_f005.yaml,sam_med3d,True,True,0.05,frz_pt,upsample,True,N
ls_samMed3d_frz_pt_f010,configs/lowshot/ls_samMed3d_frz_pt_f010.yaml,sam_med3d,True,True,0.1,frz_pt,upsample,True,N
ls_samMed3d_frz_pt_f025,configs/lowshot/ls_samMed3d_frz_pt_f025.yaml,sam_med3d,True,True,0.25,frz_pt,upsample,True,N
ls_samMed3d_frz_pt_f100,configs/lowshot/ls_samMed3d_frz_pt_f100.yaml,sam_med3d,True,True,1.0,frz_pt,upsample,True,N
ls_samMed3d_frz_sc_f001,configs/lowshot/ls_samMed3d_frz_sc_f001.yaml,sam_med3d,True,False,0.01,frz_sc,upsample,True,N
ls_samMed3d_frz_sc_f005,configs/lowshot/ls_samMed3d_frz_sc_f005.yaml,sam_med3d,True,False,0.05,frz_sc,upsample,True,N
ls_samMed3d_frz_sc_f010,configs/lowshot/ls_samMed3d_frz_sc_f010.yaml,sam_med3d,True,False,0.1,frz_sc,upsample,True,N
ls_samMed3d_frz_sc_f025,configs/lowshot/ls_samMed3d_frz_sc_f025.yaml,sam_med3d,True,False,0.25,frz_sc,upsample,True,N
ls_samMed3d_frz_sc_f100,configs/lowshot/ls_samMed3d_frz_sc_f100.yaml,sam_med3d,True,False,1.0,frz_sc,upsample,True,N
ls_samMed3d_ft_pt_f001,configs/lowshot/ls_samMed3d_ft_pt_f001.yaml,sam_med3d,False,True,0.01,ft_pt,upsample,True,N
ls_samMed3d_ft_pt_f005,configs/lowshot/ls_samMed3d_ft_pt_f005.yaml,sam_med3d,False,True,0.05,ft_pt,upsample,True,N
ls_samMed3d_ft_pt_f010,configs/lowshot/ls_samMed3d_ft_pt_f010.yaml,sam_med3d,False,True,0.1,ft_pt,upsample,True,N
ls_samMed3d_ft_pt_f025,configs/lowshot/ls_samMed3d_ft_pt_f025.yaml,sam_med3d,False,True,0.25,ft_pt,upsample,True,N
ls_samMed3d_ft_pt_f100,configs/lowshot/ls_samMed3d_ft_pt_f100.yaml,sam_med3d,False,True,1.0,ft_pt,upsample,True,N
ls_samMed3d_ft_sc_f001,configs/lowshot/ls_samMed3d_ft_sc_f001.yaml,sam_med3d,False,False,0.01,ft_sc,upsample,True,N
ls_samMed3d_ft_sc_f005,configs/lowshot/ls_samMed3d_ft_sc_f005.yaml,sam_med3d,False,False,0.05,ft_sc,upsample,True,N
ls_samMed3d_ft_sc_f010,configs/lowshot/ls_samMed3d_ft_sc_f010.yaml,sam_med3d,False,False,0.1,ft_sc,upsample,True,N
ls_samMed3d_ft_sc_f025,configs/lowshot/ls_samMed3d_ft_sc_f025.yaml,sam_med3d,False,False,0.25,ft_sc,upsample,True,N
ls_samMed3d_ft_sc_f100,configs/lowshot/ls_samMed3d_ft_sc_f100.yaml,sam_med3d,False,False,1.0,ft_sc,upsample,True,N
ls_dino3d_frz_pt_f001,configs/lowshot/ls_dino3d_frz_pt_f001.yaml,dino3d_layerwise,True,True,0.01,frz_pt,layerwise,True,N
ls_dino3d_frz_pt_f005,configs/lowshot/ls_dino3d_frz_pt_f005.yaml,dino3d_layerwise,True,True,0.05,frz_pt,layerwise,True,N
ls_dino3d_frz_pt_f010,configs/lowshot/ls_dino3d_frz_pt_f010.yaml,dino3d_layerwise,True,True,0.1,frz_pt,layerwise,True,N
ls_dino3d_frz_pt_f025,configs/lowshot/ls_dino3d_frz_pt_f025.yaml,dino3d_layerwise,True,True,0.25,frz_pt,layerwise,True,N
ls_dino3d_frz_pt_f100,configs/lowshot/ls_dino3d_frz_pt_f100.yaml,dino3d_layerwise,True,True,1.0,frz_pt,layerwise,True,N
ls_dino3d_frz_sc_f001,configs/lowshot/ls_dino3d_frz_sc_f001.yaml,dino3d_layerwise,True,False,0.01,frz_sc,layerwise,True,N
ls_dino3d_frz_sc_f005,configs/lowshot/ls_dino3d_frz_sc_f005.yaml,dino3d_layerwise,True,False,0.05,frz_sc,layerwise,True,N
ls_dino3d_frz_sc_f010,configs/lowshot/ls_dino3d_frz_sc_f010.yaml,dino3d_layerwise,True,False,0.1,frz_sc,layerwise,True,N
ls_dino3d_frz_sc_f025,configs/lowshot/ls_dino3d_frz_sc_f025.yaml,dino3d_layerwise,True,False,0.25,frz_sc,layerwise,True,N
ls_dino3d_frz_sc_f100,configs/lowshot/ls_dino3d_frz_sc_f100.yaml,dino3d_layerwise,True,False,1.0,frz_sc,layerwise,True,N
ls_dino3d_ft_pt_f001,configs/lowshot/ls_dino3d_ft_pt_f001.yaml,dino3d_layerwise,False,True,0.01,ft_pt,layerwise,True,N
ls_dino3d_ft_pt_f005,configs/lowshot/ls_dino3d_ft_pt_f005.yaml,dino3d_layerwise,False,True,0.05,ft_pt,layerwise,True,N
ls_dino3d_ft_pt_f010,configs/lowshot/ls_dino3d_ft_pt_f010.yaml,dino3d_layerwise,False,True,0.1,ft_pt,layerwise,True,N
ls_dino3d_ft_pt_f025,configs/lowshot/ls_dino3d_ft_pt_f025.yaml,dino3d_layerwise,False,True,0.25,ft_pt,layerwise,True,N
ls_dino3d_ft_pt_f100,configs/lowshot/ls_dino3d_ft_pt_f100.yaml,dino3d_layerwise,False,True,1.0,ft_pt,layerwise,True,N
ls_dino3d_ft_sc_f001,configs/lowshot/ls_dino3d_ft_sc_f001.yaml,dino3d_layerwise,False,False,0.01,ft_sc,layerwise,True,N
ls_dino3d_ft_sc_f005,configs/lowshot/ls_dino3d_ft_sc_f005.yaml,dino3d_layerwise,False,False,0.05,ft_sc,layerwise,True,N
ls_dino3d_ft_sc_f010,configs/lowshot/ls_dino3d_ft_sc_f010.yaml,dino3d_layerwise,False,False,0.1,ft_sc,layerwise,True,N
ls_dino3d_ft_sc_f025,configs/lowshot/ls_dino3d_ft_sc_f025.yaml,dino3d_layerwise,False,False,0.25,ft_sc,layerwise,True,N
ls_dino3d_ft_sc_f100,configs/lowshot/ls_dino3d_ft_sc_f100.yaml,dino3d_layerwise,False,False,1.0,ft_sc,layerwise,True,N
ls_merlin_frz_pt_f001,configs/lowshot/ls_merlin_frz_pt_f001.yaml,merlin,True,True,0.01,frz_pt,native,True,N
ls_merlin_frz_pt_f005,configs/lowshot/ls_merlin_frz_pt_f005.yaml,merlin,True,True,0.05,frz_pt,native,True,N
ls_merlin_frz_pt_f010,configs/lowshot/ls_merlin_frz_pt_f010.yaml,merlin,True,True,0.1,frz_pt,native,True,N
ls_merlin_frz_pt_f025,configs/lowshot/ls_merlin_frz_pt_f025.yaml,merlin,True,True,0.25,frz_pt,native,True,N
ls_merlin_frz_pt_f100,configs/lowshot/ls_merlin_frz_pt_f100.yaml,merlin,True,True,1.0,frz_pt,native,True,N
ls_merlin_frz_sc_f001,configs/lowshot/ls_merlin_frz_sc_f001.yaml,merlin,True,False,0.01,frz_sc,native,True,N
ls_merlin_frz_sc_f005,configs/lowshot/ls_merlin_frz_sc_f005.yaml,merlin,True,False,0.05,frz_sc,native,True,N
ls_merlin_frz_sc_f010,configs/lowshot/ls_merlin_frz_sc_f010.yaml,merlin,True,False,0.1,frz_sc,native,True,N
ls_merlin_frz_sc_f025,configs/lowshot/ls_merlin_frz_sc_f025.yaml,merlin,True,False,0.25,frz_sc,native,True,N
ls_merlin_frz_sc_f100,configs/lowshot/ls_merlin_frz_sc_f100.yaml,merlin,True,False,1.0,frz_sc,native,True,N
ls_merlin_ft_pt_f001,configs/lowshot/ls_merlin_ft_pt_f001.yaml,merlin,False,True,0.01,ft_pt,native,True,N
ls_merlin_ft_pt_f005,configs/lowshot/ls_merlin_ft_pt_f005.yaml,merlin,False,True,0.05,ft_pt,native,True,N
ls_merlin_ft_pt_f010,configs/lowshot/ls_merlin_ft_pt_f010.yaml,merlin,False,True,0.1,ft_pt,native,True,N
ls_merlin_ft_pt_f025,configs/lowshot/ls_merlin_ft_pt_f025.yaml,merlin,False,True,0.25,ft_pt,native,True,N
ls_merlin_ft_pt_f100,configs/lowshot/ls_merlin_ft_pt_f100.yaml,merlin,False,True,1.0,ft_pt,native,True,N
ls_merlin_ft_sc_f001,configs/lowshot/ls_merlin_ft_sc_f001.yaml,merlin,False,False,0.01,ft_sc,native,True,N
ls_merlin_ft_sc_f005,configs/lowshot/ls_merlin_ft_sc_f005.yaml,merlin,False,False,0.05,ft_sc,native,True,N
ls_merlin_ft_sc_f010,configs/lowshot/ls_merlin_ft_sc_f010.yaml,merlin,False,False,0.1,ft_sc,native,True,N
ls_merlin_ft_sc_f025,configs/lowshot/ls_merlin_ft_sc_f025.yaml,merlin,False,False,0.25,ft_sc,native,True,N
ls_merlin_ft_sc_f100,configs/lowshot/ls_merlin_ft_sc_f100.yaml,merlin,False,False,1.0,ft_sc,native,True,N
ls_dino3dU_frz_pt_f001,configs/lowshot/ls_dino3dU_frz_pt_f001.yaml,dino3d_upsample,True,True,0.01,frz_pt,upsample,True,N
ls_dino3dU_frz_pt_f005,configs/lowshot/ls_dino3dU_frz_pt_f005.yaml,dino3d_upsample,True,True,0.05,frz_pt,upsample,True,N
ls_dino3dU_frz_pt_f010,configs/lowshot/ls_dino3dU_frz_pt_f010.yaml,dino3d_upsample,True,True,0.1,frz_pt,upsample,True,N
ls_dino3dU_frz_pt_f025,configs/lowshot/ls_dino3dU_frz_pt_f025.yaml,dino3d_upsample,True,True,0.25,frz_pt,upsample,True,N
ls_dino3dU_frz_pt_f100,configs/lowshot/ls_dino3dU_frz_pt_f100.yaml,dino3d_upsample,True,True,1.0,frz_pt,upsample,True,N
ls_dino3dU_frz_sc_f001,configs/lowshot/ls_dino3dU_frz_sc_f001.yaml,dino3d_upsample,True,False,0.01,frz_sc,upsample,True,N
ls_dino3dU_frz_sc_f005,configs/lowshot/ls_dino3dU_frz_sc_f005.yaml,dino3d_upsample,True,False,0.05,frz_sc,upsample,True,N
ls_dino3dU_frz_sc_f010,configs/lowshot/ls_dino3dU_frz_sc_f010.yaml,dino3d_upsample,True,False,0.1,frz_sc,upsample,True,N
ls_dino3dU_frz_sc_f025,configs/lowshot/ls_dino3dU_frz_sc_f025.yaml,dino3d_upsample,True,False,0.25,frz_sc,upsample,True,N
ls_dino3dU_frz_sc_f100,configs/lowshot/ls_dino3dU_frz_sc_f100.yaml,dino3d_upsample,True,False,1.0,frz_sc,upsample,True,N
ls_dino3dU_ft_pt_f001,configs/lowshot/ls_dino3dU_ft_pt_f001.yaml,dino3d_upsample,False,True,0.01,ft_pt,upsample,True,N
ls_dino3dU_ft_pt_f005,configs/lowshot/ls_dino3dU_ft_pt_f005.yaml,dino3d_upsample,False,True,0.05,ft_pt,upsample,True,N
ls_dino3dU_ft_pt_f010,configs/lowshot/ls_dino3dU_ft_pt_f010.yaml,dino3d_upsample,False,True,0.1,ft_pt,upsample,True,N
ls_dino3dU_ft_pt_f025,configs/lowshot/ls_dino3dU_ft_pt_f025.yaml,dino3d_upsample,False,True,0.25,ft_pt,upsample,True,N
ls_dino3dU_ft_pt_f100,configs/lowshot/ls_dino3dU_ft_pt_f100.yaml,dino3d_upsample,False,True,1.0,ft_pt,upsample,True,N
ls_dino3dU_ft_sc_f001,configs/lowshot/ls_dino3dU_ft_sc_f001.yaml,dino3d_upsample,False,False,0.01,ft_sc,upsample,True,N
ls_dino3dU_ft_sc_f005,configs/lowshot/ls_dino3dU_ft_sc_f005.yaml,dino3d_upsample,False,False,0.05,ft_sc,upsample,True,N
ls_dino3dU_ft_sc_f010,configs/lowshot/ls_dino3dU_ft_sc_f010.yaml,dino3d_upsample,False,False,0.1,ft_sc,upsample,True,N
ls_dino3dU_ft_sc_f025,configs/lowshot/ls_dino3dU_ft_sc_f025.yaml,dino3d_upsample,False,False,0.25,ft_sc,upsample,True,N
ls_dino3dU_ft_sc_f100,configs/lowshot/ls_dino3dU_ft_sc_f100.yaml,dino3d_upsample,False,False,1.0,ft_sc,upsample,True,N
ls_merlinISO_frz_pt_f001,configs/lowshot/ls_merlinISO_frz_pt_f001.yaml,merlin_isotropic,True,True,0.01,frz_pt,native,True,N
ls_merlinISO_frz_pt_f005,configs/lowshot/ls_merlinISO_frz_pt_f005.yaml,merlin_isotropic,True,True,0.05,frz_pt,native,True,N
ls_merlinISO_frz_pt_f010,configs/lowshot/ls_merlinISO_frz_pt_f010.yaml,merlin_isotropic,True,True,0.1,frz_pt,native,True,N
ls_merlinISO_frz_pt_f025,configs/lowshot/ls_merlinISO_frz_pt_f025.yaml,merlin_isotropic,True,True,0.25,frz_pt,native,True,N
ls_merlinISO_frz_pt_f100,configs/lowshot/ls_merlinISO_frz_pt_f100.yaml,merlin_isotropic,True,True,1.0,frz_pt,native,True,N
ls_merlinISO_frz_sc_f001,configs/lowshot/ls_merlinISO_frz_sc_f001.yaml,merlin_isotropic,True,False,0.01,frz_sc,native,True,N
ls_merlinISO_frz_sc_f005,configs/lowshot/ls_merlinISO_frz_sc_f005.yaml,merlin_isotropic,True,False,0.05,frz_sc,native,True,N
ls_merlinISO_frz_sc_f010,configs/lowshot/ls_merlinISO_frz_sc_f010.yaml,merlin_isotropic,True,False,0.1,frz_sc,native,True,N
ls_merlinISO_frz_sc_f025,configs/lowshot/ls_merlinISO_frz_sc_f025.yaml,merlin_isotropic,True,False,0.25,frz_sc,native,True,N
ls_merlinISO_frz_sc_f100,configs/lowshot/ls_merlinISO_frz_sc_f100.yaml,merlin_isotropic,True,False,1.0,frz_sc,native,True,N
ls_merlinISO_ft_pt_f001,configs/lowshot/ls_merlinISO_ft_pt_f001.yaml,merlin_isotropic,False,True,0.01,ft_pt,native,True,N
ls_merlinISO_ft_pt_f005,configs/lowshot/ls_merlinISO_ft_pt_f005.yaml,merlin_isotropic,False,True,0.05,ft_pt,native,True,N
ls_merlinISO_ft_pt_f010,configs/lowshot/ls_merlinISO_ft_pt_f010.yaml,merlin_isotropic,False,True,0.1,ft_pt,native,True,N
ls_merlinISO_ft_pt_f025,configs/lowshot/ls_merlinISO_ft_pt_f025.yaml,merlin_isotropic,False,True,0.25,ft_pt,native,True,N
ls_merlinISO_ft_pt_f100,configs/lowshot/ls_merlinISO_ft_pt_f100.yaml,merlin_isotropic,False,True,1.0,ft_pt,native,True,N
ls_merlinISO_ft_sc_f001,configs/lowshot/ls_merlinISO_ft_sc_f001.yaml,merlin_isotropic,False,False,0.01,ft_sc,native,True,N
ls_merlinISO_ft_sc_f005,configs/lowshot/ls_merlinISO_ft_sc_f005.yaml,merlin_isotropic,False,False,0.05,ft_sc,native,True,N
ls_merlinISO_ft_sc_f010,configs/lowshot/ls_merlinISO_ft_sc_f010.yaml,merlin_isotropic,False,False,0.1,ft_sc,native,True,N
ls_merlinISO_ft_sc_f025,configs/lowshot/ls_merlinISO_ft_sc_f025.yaml,merlin_isotropic,False,False,0.25,ft_sc,native,True,N
ls_merlinISO_ft_sc_f100,configs/lowshot/ls_merlinISO_ft_sc_f100.yaml,merlin_isotropic,False,False,1.0,ft_sc,native,True,N
ls_ctfmS_frz_pt_f001,configs/lowshot/ls_ctfmS_frz_pt_f001.yaml,ctfm_stem,True,True,0.01,frz_pt,native+stem,False,S
ls_ctfmS_frz_pt_f005,configs/lowshot/ls_ctfmS_frz_pt_f005.yaml,ctfm_stem,True,True,0.05,frz_pt,native+stem,False,S
ls_ctfmS_frz_pt_f010,configs/lowshot/ls_ctfmS_frz_pt_f010.yaml,ctfm_stem,True,True,0.1,frz_pt,native+stem,False,S
ls_ctfmS_frz_pt_f025,configs/lowshot/ls_ctfmS_frz_pt_f025.yaml,ctfm_stem,True,True,0.25,frz_pt,native+stem,False,S
ls_ctfmS_frz_pt_f100,configs/lowshot/ls_ctfmS_frz_pt_f100.yaml,ctfm_stem,True,True,1.0,frz_pt,native+stem,False,S
ls_ctfmS_frz_sc_f001,configs/lowshot/ls_ctfmS_frz_sc_f001.yaml,ctfm_stem,True,False,0.01,frz_sc,native+stem,False,S
ls_ctfmS_frz_sc_f005,configs/lowshot/ls_ctfmS_frz_sc_f005.yaml,ctfm_stem,True,False,0.05,frz_sc,native+stem,False,S
ls_ctfmS_frz_sc_f010,configs/lowshot/ls_ctfmS_frz_sc_f010.yaml,ctfm_stem,True,False,0.1,frz_sc,native+stem,False,S
ls_ctfmS_frz_sc_f025,configs/lowshot/ls_ctfmS_frz_sc_f025.yaml,ctfm_stem,True,False,0.25,frz_sc,native+stem,False,S
ls_ctfmS_frz_sc_f100,configs/lowshot/ls_ctfmS_frz_sc_f100.yaml,ctfm_stem,True,False,1.0,frz_sc,native+stem,False,S
ls_ctfmS_ft_pt_f001,configs/lowshot/ls_ctfmS_ft_pt_f001.yaml,ctfm_stem,False,True,0.01,ft_pt,native+stem,False,S
ls_ctfmS_ft_pt_f005,configs/lowshot/ls_ctfmS_ft_pt_f005.yaml,ctfm_stem,False,True,0.05,ft_pt,native+stem,False,S
ls_ctfmS_ft_pt_f010,configs/lowshot/ls_ctfmS_ft_pt_f010.yaml,ctfm_stem,False,True,0.1,ft_pt,native+stem,False,S
ls_ctfmS_ft_pt_f025,configs/lowshot/ls_ctfmS_ft_pt_f025.yaml,ctfm_stem,False,True,0.25,ft_pt,native+stem,False,S
ls_ctfmS_ft_pt_f100,configs/lowshot/ls_ctfmS_ft_pt_f100.yaml,ctfm_stem,False,True,1.0,ft_pt,native+stem,False,S
ls_ctfmS_ft_sc_f001,configs/lowshot/ls_ctfmS_ft_sc_f001.yaml,ctfm_stem,False,False,0.01,ft_sc,native+stem,False,S
ls_ctfmS_ft_sc_f005,configs/lowshot/ls_ctfmS_ft_sc_f005.yaml,ctfm_stem,False,False,0.05,ft_sc,native+stem,False,S
ls_ctfmS_ft_sc_f010,configs/lowshot/ls_ctfmS_ft_sc_f010.yaml,ctfm_stem,False,False,0.1,ft_sc,native+stem,False,S
ls_ctfmS_ft_sc_f025,configs/lowshot/ls_ctfmS_ft_sc_f025.yaml,ctfm_stem,False,False,0.25,ft_sc,native+stem,False,S
ls_ctfmS_ft_sc_f100,configs/lowshot/ls_ctfmS_ft_sc_f100.yaml,ctfm_stem,False,False,1.0,ft_sc,native+stem,False,S
ls_dino3dS_frz_pt_f001,configs/lowshot/ls_dino3dS_frz_pt_f001.yaml,dino3d_stem,True,True,0.01,frz_pt,layerwise+stem,False,S
ls_dino3dS_frz_pt_f005,configs/lowshot/ls_dino3dS_frz_pt_f005.yaml,dino3d_stem,True,True,0.05,frz_pt,layerwise+stem,False,S
ls_dino3dS_frz_pt_f010,configs/lowshot/ls_dino3dS_frz_pt_f010.yaml,dino3d_stem,True,True,0.1,frz_pt,layerwise+stem,False,S
ls_dino3dS_frz_pt_f025,configs/lowshot/ls_dino3dS_frz_pt_f025.yaml,dino3d_stem,True,True,0.25,frz_pt,layerwise+stem,False,S
ls_dino3dS_frz_pt_f100,configs/lowshot/ls_dino3dS_frz_pt_f100.yaml,dino3d_stem,True,True,1.0,frz_pt,layerwise+stem,False,S
ls_dino3dS_frz_sc_f001,configs/lowshot/ls_dino3dS_frz_sc_f001.yaml,dino3d_stem,True,False,0.01,frz_sc,layerwise+stem,False,S
ls_dino3dS_frz_sc_f005,configs/lowshot/ls_dino3dS_frz_sc_f005.yaml,dino3d_stem,True,False,0.05,frz_sc,layerwise+stem,False,S
ls_dino3dS_frz_sc_f010,configs/lowshot/ls_dino3dS_frz_sc_f010.yaml,dino3d_stem,True,False,0.1,frz_sc,layerwise+stem,False,S
ls_dino3dS_frz_sc_f025,configs/lowshot/ls_dino3dS_frz_sc_f025.yaml,dino3d_stem,True,False,0.25,frz_sc,layerwise+stem,False,S
ls_dino3dS_frz_sc_f100,configs/lowshot/ls_dino3dS_frz_sc_f100.yaml,dino3d_stem,True,False,1.0,frz_sc,layerwise+stem,False,S
ls_dino3dS_ft_pt_f001,configs/lowshot/ls_dino3dS_ft_pt_f001.yaml,dino3d_stem,False,True,0.01,ft_pt,layerwise+stem,False,S
ls_dino3dS_ft_pt_f005,configs/lowshot/ls_dino3dS_ft_pt_f005.yaml,dino3d_stem,False,True,0.05,ft_pt,layerwise+stem,False,S
ls_dino3dS_ft_pt_f010,configs/lowshot/ls_dino3dS_ft_pt_f010.yaml,dino3d_stem,False,True,0.1,ft_pt,layerwise+stem,False,S
ls_dino3dS_ft_pt_f025,configs/lowshot/ls_dino3dS_ft_pt_f025.yaml,dino3d_stem,False,True,0.25,ft_pt,layerwise+stem,False,S
ls_dino3dS_ft_pt_f100,configs/lowshot/ls_dino3dS_ft_pt_f100.yaml,dino3d_stem,False,True,1.0,ft_pt,layerwise+stem,False,S
ls_dino3dS_ft_sc_f001,configs/lowshot/ls_dino3dS_ft_sc_f001.yaml,dino3d_stem,False,False,0.01,ft_sc,layerwise+stem,False,S
ls_dino3dS_ft_sc_f005,configs/lowshot/ls_dino3dS_ft_sc_f005.yaml,dino3d_stem,False,False,0.05,ft_sc,layerwise+stem,False,S
ls_dino3dS_ft_sc_f010,configs/lowshot/ls_dino3dS_ft_sc_f010.yaml,dino3d_stem,False,False,0.1,ft_sc,layerwise+stem,False,S
ls_dino3dS_ft_sc_f025,configs/lowshot/ls_dino3dS_ft_sc_f025.yaml,dino3d_stem,False,False,0.25,ft_sc,layerwise+stem,False,S
ls_dino3dS_ft_sc_f100,configs/lowshot/ls_dino3dS_ft_sc_f100.yaml,dino3d_stem,False,False,1.0,ft_sc,layerwise+stem,False,S
ls_dino3dVA_frz_pt_f001,configs/lowshot/ls_dino3dVA_frz_pt_f001.yaml,dino3d_vitadapter,True,True,0.01,frz_pt,vit_adapter,False,B
ls_dino3dVA_frz_pt_f005,configs/lowshot/ls_dino3dVA_frz_pt_f005.yaml,dino3d_vitadapter,True,True,0.05,frz_pt,vit_adapter,False,B
ls_dino3dVA_frz_pt_f010,configs/lowshot/ls_dino3dVA_frz_pt_f010.yaml,dino3d_vitadapter,True,True,0.1,frz_pt,vit_adapter,False,B
ls_dino3dVA_frz_pt_f025,configs/lowshot/ls_dino3dVA_frz_pt_f025.yaml,dino3d_vitadapter,True,True,0.25,frz_pt,vit_adapter,False,B
ls_dino3dVA_frz_pt_f100,configs/lowshot/ls_dino3dVA_frz_pt_f100.yaml,dino3d_vitadapter,True,True,1.0,frz_pt,vit_adapter,False,B
ls_dino3dVA_frz_sc_f001,configs/lowshot/ls_dino3dVA_frz_sc_f001.yaml,dino3d_vitadapter,True,False,0.01,frz_sc,vit_adapter,False,B
ls_dino3dVA_frz_sc_f005,configs/lowshot/ls_dino3dVA_frz_sc_f005.yaml,dino3d_vitadapter,True,False,0.05,frz_sc,vit_adapter,False,B
ls_dino3dVA_frz_sc_f010,configs/lowshot/ls_dino3dVA_frz_sc_f010.yaml,dino3d_vitadapter,True,False,0.1,frz_sc,vit_adapter,False,B
ls_dino3dVA_frz_sc_f025,configs/lowshot/ls_dino3dVA_frz_sc_f025.yaml,dino3d_vitadapter,True,False,0.25,frz_sc,vit_adapter,False,B
ls_dino3dVA_frz_sc_f100,configs/lowshot/ls_dino3dVA_frz_sc_f100.yaml,dino3d_vitadapter,True,False,1.0,frz_sc,vit_adapter,False,B
ls_dino3dVA_ft_pt_f001,configs/lowshot/ls_dino3dVA_ft_pt_f001.yaml,dino3d_vitadapter,False,True,0.01,ft_pt,vit_adapter,False,B
ls_dino3dVA_ft_pt_f005,configs/lowshot/ls_dino3dVA_ft_pt_f005.yaml,dino3d_vitadapter,False,True,0.05,ft_pt,vit_adapter,False,B
ls_dino3dVA_ft_pt_f010,configs/lowshot/ls_dino3dVA_ft_pt_f010.yaml,dino3d_vitadapter,False,True,0.1,ft_pt,vit_adapter,False,B
ls_dino3dVA_ft_pt_f025,configs/lowshot/ls_dino3dVA_ft_pt_f025.yaml,dino3d_vitadapter,False,True,0.25,ft_pt,vit_adapter,False,B
ls_dino3dVA_ft_pt_f100,configs/lowshot/ls_dino3dVA_ft_pt_f100.yaml,dino3d_vitadapter,False,True,1.0,ft_pt,vit_adapter,False,B
ls_dino3dVA_ft_sc_f001,configs/lowshot/ls_dino3dVA_ft_sc_f001.yaml,dino3d_vitadapter,False,False,0.01,ft_sc,vit_adapter,False,B
ls_dino3dVA_ft_sc_f005,configs/lowshot/ls_dino3dVA_ft_sc_f005.yaml,dino3d_vitadapter,False,False,0.05,ft_sc,vit_adapter,False,B
ls_dino3dVA_ft_sc_f010,configs/lowshot/ls_dino3dVA_ft_sc_f010.yaml,dino3d_vitadapter,False,False,0.1,ft_sc,vit_adapter,False,B
ls_dino3dVA_ft_sc_f025,configs/lowshot/ls_dino3dVA_ft_sc_f025.yaml,dino3d_vitadapter,False,False,0.25,ft_sc,vit_adapter,False,B
ls_dino3dVA_ft_sc_f100,configs/lowshot/ls_dino3dVA_ft_sc_f100.yaml,dino3d_vitadapter,False,False,1.0,ft_sc,vit_adapter,False,B
